<?xml version="1.0"?>
<Unit xmlns:xsi="http://www.w3.org/2001/XMLSchema-instance" xsi:noNamespaceSchemaLocation="https://github.com/iqb-berlin/testcenter/blob/master/definitions/vo_Unit.xsd">
  <Metadata lastChange="2025-05-21T10:12:12.664Z">
    <Id>MA_01</Id>
    <Label>Mathematik Beispiel</Label>
    <Reference>MA_01.vomd</Reference>
  </Metadata>
  <DefinitionRef player="iqb-player-aspect@2.9" editor="iqb-editor-aspect@2.9" lastChange="2025-05-21T10:12:12.708Z">MA_01.voud</DefinitionRef>
  <BaseVariables>
    <Variable id="text_1747821745751_1" alias="text_1" type="no-value" format="" nullable="false" multiple="false" page=""/>
    <Variable id="text-field_1747821822124_1" alias="text-field_1" type="string" format="" nullable="false" multiple="false" page=""/>
    <Variable id="text_1747821838903_1" alias="text_2" type="no-value" format="" nullable="false" multiple="false" page=""/>
    <Variable id="math-table_1747821857053_1" alias="math-table_1" type="json" format="math-table" nullable="false" multiple="false" page=""/>
    <Variable id="frame_1747822281833_1" alias="frame_1" type="no-value" format="" nullable="false" multiple="false" page=""/>
    <Variable id="text_1747821895924_1" alias="text_3" type="no-value" format="" nullable="false" multiple="false" page=""/>
    <Variable id="radio_1747822216816_1" alias="radio_1" type="integer" format="" nullable="false" multiple="false" page="">
      <Values complete="true">
        <Value>
          <label>1 Mond</label>
          <value>1</value>
        </Value>
        <Value>
          <label>2 Monde</label>
          <value>2</value>
        </Value>
      </Values>
    </Variable>
  </BaseVariables>
  <CodingSchemeRef schemer="iqb-schemer@2.5" lastChange="2025-05-21T10:01:28.090Z"/>
</Unit>