<?xml version="1.0"?>
<Unit xmlns:xsi="http://www.w3.org/2001/XMLSchema-instance" xsi:noNamespaceSchemaLocation="https://github.com/iqb-berlin/testcenter/blob/master/definitions/vo_Unit.xsd">
  <Metadata lastChange="2025-05-23T07:49:18.973Z">
    <Id>MA_01</Id>
    <Label>Mathematik Beispiel</Label>
    <Description/>
    <Reference>MA_01.vomd</Reference>
  </Metadata>
  <DefinitionRef player="iqb-player-aspect@2.9" editor="iqb-editor-aspect@2.9" lastChange="2025-05-23T08:19:41.799Z">MA_01.voud</DefinitionRef>
  <BaseVariables>
    <Variable id="text_1747821745751_1" alias="text_1" type="no-value" format="" nullable="false" multiple="false" page=""/>
    <Variable id="text-field_1747821822124_1" alias="text-field_1" type="string" format="" nullable="false" multiple="false" page=""/>
    <Variable id="text_1747821895924_1" alias="text_3" type="no-value" format="" nullable="false" multiple="false" page=""/>
    <Variable id="radio_1747822216816_1" alias="radio_1" type="integer" format="" nullable="false" multiple="false" page="">
      <Values complete="true">
        <Value>
          <label>1 Mond</label>
          <value>1</value>
        </Value>
        <Value>
          <label>2 Monde</label>
          <value>2</value>
        </Value>
      </Values>
    </Variable>
    <Variable id="text_1747988306580_1" alias="text_2" type="no-value" format="" nullable="false" multiple="false" page=""/>
    <Variable id="drop-list_1747988350920_1" alias="drop-list_1" type="string" format="" nullable="false" multiple="true" page="">
      <Values complete="true">
        <Value>
          <label>Rot</label>
          <value>value_1</value>
        </Value>
        <Value>
          <label>Gelb</label>
          <value>value_2</value>
        </Value>
        <Value>
          <label>Blau</label>
          <value>value_3</value>
        </Value>
      </Values>
    </Variable>
  </BaseVariables>
  <CodingSchemeRef schemer="iqb-schemer@2.5" schemeType="iqb@3.0" lastChange="2025-05-23T08:26:58.541Z">MA_01.vocs</CodingSchemeRef>
</Unit>