<?xml version="1.0"?>
<Unit xmlns:xsi="http://www.w3.org/2001/XMLSchema-instance" xsi:noNamespaceSchemaLocation="https://github.com/iqb-berlin/testcenter/blob/master/definitions/vo_Unit.xsd">
  <Metadata lastChange="2025-12-19T17:18:15.538Z">
    <Id>Audio1</Id>
    <Label>Hallo, ich brauche Hilfe</Label>
    <Description/>
    <Reference>Audio1.vomd</Reference>
  </Metadata>
  <DefinitionRef player="iqb-player-aspect@2.4" editor="iqb-editor-aspect@2.4" lastChange="2025-12-19T14:51:43.271Z">Audio1.voud</DefinitionRef>
  <BaseVariables>
    <Variable id="_intro00a" alias="_intro00a" type="no-value" format="" nullable="false" multiple="false" page=""/>
    <Variable id="_audio00" alias="_audio00" type="number" format="" nullable="false" multiple="false" page=""/>
    <Variable id="text_2" alias="text_2" type="no-value" format="" nullable="false" multiple="false" page=""/>
    <Variable id="_image00" alias="_image00" type="no-value" format="" nullable="false" multiple="false" page=""/>
    <Variable id="_number01" alias="_number01" type="no-value" format="" nullable="false" multiple="false" page=""/>
    <Variable id="_audio01" alias="_audio01" type="number" format="" nullable="false" multiple="false" page=""/>
    <Variable id="_intro01" alias="_intro01" type="no-value" format="" nullable="false" multiple="false" page=""/>
    <Variable id="_audio01a" alias="_audio01a" type="number" format="" nullable="false" multiple="false" page=""/>
    <Variable id="01" alias="01" type="integer" format="" nullable="false" multiple="false" page="">
      <Values complete="true">
        <Value>
          <label/>
          <value>1</value>
        </Value>
        <Value>
          <label/>
          <value>2</value>
        </Value>
        <Value>
          <label> </label>
          <value>3</value>
        </Value>
        <Value>
          <label> </label>
          <value>4</value>
        </Value>
      </Values>
    </Variable>
    <Variable id="_audio01b" alias="_audio01b" type="number" format="" nullable="false" multiple="false" page=""/>
    <Variable id="_audio01c" alias="_audio01c" type="number" format="" nullable="false" multiple="false" page=""/>
    <Variable id="_audio01d" alias="_audio01d" type="number" format="" nullable="false" multiple="false" page=""/>
    <Variable id="number_02" alias="number_02" type="no-value" format="" nullable="false" multiple="false" page=""/>
    <Variable id="_audio02" alias="_audio02" type="number" format="" nullable="false" multiple="false" page=""/>
    <Variable id="text_02" alias="text_02" type="no-value" format="" nullable="false" multiple="false" page=""/>
    <Variable id="_audio02a" alias="_audio02a" type="number" format="" nullable="false" multiple="false" page=""/>
    <Variable id="02" alias="02" type="integer" format="" nullable="false" multiple="false" page="">
      <Values complete="true">
        <Value>
          <label>Juris Lehrer</label>
          <value>1</value>
        </Value>
        <Value>
          <label>Juris Nachbar</label>
          <value>2</value>
        </Value>
        <Value>
          <label>Juris Onkel</label>
          <value>3</value>
        </Value>
        <Value>
          <label>Juris Trainer</label>
          <value>4</value>
        </Value>
      </Values>
    </Variable>
    <Variable id="_audio02b" alias="_audio02b" type="number" format="" nullable="false" multiple="false" page=""/>
    <Variable id="_audio02c" alias="_audio02c" type="number" format="" nullable="false" multiple="false" page=""/>
    <Variable id="_audio02d" alias="_audio02d" type="number" format="" nullable="false" multiple="false" page=""/>
    <Variable id="number_03" alias="number_03" type="no-value" format="" nullable="false" multiple="false" page=""/>
    <Variable id="_audio03" alias="_audio03" type="number" format="" nullable="false" multiple="false" page=""/>
    <Variable id="intro_03" alias="intro_03" type="no-value" format="" nullable="false" multiple="false" page=""/>
    <Variable id="_audio03a" alias="_audio03a" type="number" format="" nullable="false" multiple="false" page=""/>
    <Variable id="03" alias="03" type="integer" format="" nullable="false" multiple="false" page="">
      <Values complete="true">
        <Value>
          <label>Herr Schnippel ist begeistert.</label>
          <value>1</value>
        </Value>
        <Value>
          <label>Herr Schnippel ist stolz.</label>
          <value>2</value>
        </Value>
        <Value>
          <label>Herr Schnippel ist belustigt.</label>
          <value>3</value>
        </Value>
        <Value>
          <label>Herr Schnippel ist entspannt.</label>
          <value>4</value>
        </Value>
      </Values>
    </Variable>
    <Variable id="_audio03b" alias="_audio03b" type="number" format="" nullable="false" multiple="false" page=""/>
    <Variable id="_audio03c" alias="_audio03c" type="number" format="" nullable="false" multiple="false" page=""/>
    <Variable id="_audio03d" alias="_audio03d" type="number" format="" nullable="false" multiple="false" page=""/>
    <Variable id="number_04" alias="number_04" type="no-value" format="" nullable="false" multiple="false" page=""/>
    <Variable id="_audio04" alias="_audio04" type="number" format="" nullable="false" multiple="false" page=""/>
    <Variable id="text_04" alias="text_04" type="no-value" format="" nullable="false" multiple="false" page=""/>
    <Variable id="_audio04a" alias="_audio04a" type="number" format="" nullable="false" multiple="false" page=""/>
    <Variable id="04" alias="04" type="integer" format="" nullable="false" multiple="false" page="">
      <Values complete="true">
        <Value>
          <label>um die Freiheitsstatue</label>
          <value>1</value>
        </Value>
        <Value>
          <label>um das Brandenburger Tor</label>
          <value>2</value>
        </Value>
        <Value>
          <label>um den Eiffelturm</label>
          <value>3</value>
        </Value>
        <Value>
          <label>um die Chinesische Mauer</label>
          <value>4</value>
        </Value>
      </Values>
    </Variable>
    <Variable id="_audio04b" alias="_audio04b" type="number" format="" nullable="false" multiple="false" page=""/>
    <Variable id="_audio04c" alias="_audio04c" type="number" format="" nullable="false" multiple="false" page=""/>
    <Variable id="_audio04d" alias="_audio04d" type="number" format="" nullable="false" multiple="false" page=""/>
    <Variable id="text_1" alias="text_1" type="no-value" format="" nullable="false" multiple="false" page=""/>
    <Variable id="_audio05" alias="_audio05" type="number" format="" nullable="false" multiple="false" page=""/>
    <Variable id="_intro05" alias="_intro05" type="no-value" format="" nullable="false" multiple="false" page=""/>
    <Variable id="05" alias="05" type="string" format="" nullable="false" multiple="false" page=""/>
    <Variable id="number_06" alias="number_06" type="no-value" format="" nullable="false" multiple="false" page=""/>
    <Variable id="_audio06" alias="_audio06" type="number" format="" nullable="false" multiple="false" page=""/>
    <Variable id="text_06" alias="text_06" type="no-value" format="" nullable="false" multiple="false" page=""/>
    <Variable id="_audio06a" alias="_audio06a" type="number" format="" nullable="false" multiple="false" page=""/>
    <Variable id="06" alias="06" type="integer" format="" nullable="false" multiple="false" page="">
      <Values complete="true">
        <Value>
          <label>Juri kann Herrn Schnippel nicht gut hören.</label>
          <value>1</value>
        </Value>
        <Value>
          <label>Herr Schnippel macht sich über Juri lustig.</label>
          <value>2</value>
        </Value>
        <Value>
          <label>Juri lässt Herrn Schnippel nicht ausreden.</label>
          <value>3</value>
        </Value>
        <Value>
          <label>Herr Schnippel soll besorgt um Juri klingen.</label>
          <value>4</value>
        </Value>
      </Values>
    </Variable>
    <Variable id="_audio06b" alias="_audio06b" type="number" format="" nullable="false" multiple="false" page=""/>
    <Variable id="_audio06c" alias="_audio06c" type="number" format="" nullable="false" multiple="false" page=""/>
    <Variable id="_audio06d" alias="_audio06d" type="number" format="" nullable="false" multiple="false" page=""/>
    <Variable id="_number07" alias="_number07" type="no-value" format="" nullable="false" multiple="false" page=""/>
    <Variable id="_audio07" alias="_audio07" type="number" format="" nullable="false" multiple="false" page=""/>
    <Variable id="_intro07" alias="_intro07" type="no-value" format="" nullable="false" multiple="false" page=""/>
    <Variable id="_audio07a" alias="_audio07a" type="number" format="" nullable="false" multiple="false" page=""/>
    <Variable id="_var004" alias="_var004" type="no-value" format="" nullable="false" multiple="false" page=""/>
    <Variable id="07a" alias="07a" type="integer" format="" nullable="false" multiple="false" page="">
      <Values complete="true">
        <Value>
          <label>stimmt</label>
          <value>1</value>
        </Value>
        <Value>
          <label>stimmt nicht</label>
          <value>2</value>
        </Value>
      </Values>
    </Variable>
    <Variable id="07b" alias="07b" type="integer" format="" nullable="false" multiple="false" page="">
      <Values complete="true">
        <Value>
          <label>stimmt</label>
          <value>1</value>
        </Value>
        <Value>
          <label>stimmt nicht</label>
          <value>2</value>
        </Value>
      </Values>
    </Variable>
    <Variable id="07c" alias="07c" type="integer" format="" nullable="false" multiple="false" page="">
      <Values complete="true">
        <Value>
          <label>stimmt</label>
          <value>1</value>
        </Value>
        <Value>
          <label>stimmt nicht</label>
          <value>2</value>
        </Value>
      </Values>
    </Variable>
    <Variable id="07d" alias="07d" type="integer" format="" nullable="false" multiple="false" page="">
      <Values complete="true">
        <Value>
          <label>stimmt</label>
          <value>1</value>
        </Value>
        <Value>
          <label>stimmt nicht</label>
          <value>2</value>
        </Value>
      </Values>
    </Variable>
    <Variable id="07e" alias="07e" type="integer" format="" nullable="false" multiple="false" page="">
      <Values complete="true">
        <Value>
          <label>stimmt</label>
          <value>1</value>
        </Value>
        <Value>
          <label>stimmt nicht</label>
          <value>2</value>
        </Value>
      </Values>
    </Variable>
    <Variable id="_audio07b" alias="_audio07b" type="number" format="" nullable="false" multiple="false" page=""/>
    <Variable id="_audio07c" alias="_audio07c" type="number" format="" nullable="false" multiple="false" page=""/>
    <Variable id="_audio07d" alias="_audio07d" type="number" format="" nullable="false" multiple="false" page=""/>
    <Variable id="_audio07e" alias="_audio07e" type="number" format="" nullable="false" multiple="false" page=""/>
    <Variable id="text_9" alias="text_9" type="no-value" format="" nullable="false" multiple="false" page=""/>
    <Variable id="_audio09" alias="_audio09" type="number" format="" nullable="false" multiple="false" page=""/>
    <Variable id="text_09" alias="text_09" type="no-value" format="" nullable="false" multiple="false" page=""/>
    <Variable id="08" alias="08" type="no-value" format="" nullable="false" multiple="false" page=""/>
    <Variable id="08a" alias="08a" type="integer" format="" nullable="false" multiple="false" page="">
      <Values complete="true">
        <Value>
          <label>stimmt</label>
          <value>1</value>
        </Value>
        <Value>
          <label>stimmt nicht</label>
          <value>2</value>
        </Value>
      </Values>
    </Variable>
    <Variable id="08b" alias="08b" type="integer" format="" nullable="false" multiple="false" page="">
      <Values complete="true">
        <Value>
          <label>stimmt</label>
          <value>1</value>
        </Value>
        <Value>
          <label>stimmt nicht</label>
          <value>2</value>
        </Value>
      </Values>
    </Variable>
    <Variable id="08c" alias="08c" type="integer" format="" nullable="false" multiple="false" page="">
      <Values complete="true">
        <Value>
          <label>stimmt</label>
          <value>1</value>
        </Value>
        <Value>
          <label>stimmt nicht</label>
          <value>2</value>
        </Value>
      </Values>
    </Variable>
    <Variable id="08d" alias="08d" type="integer" format="" nullable="false" multiple="false" page="">
      <Values complete="true">
        <Value>
          <label>stimmt</label>
          <value>1</value>
        </Value>
        <Value>
          <label>stimmt nicht</label>
          <value>2</value>
        </Value>
      </Values>
    </Variable>
    <Variable id="08e" alias="08e" type="integer" format="" nullable="false" multiple="false" page="">
      <Values complete="true">
        <Value>
          <label>stimmt</label>
          <value>1</value>
        </Value>
        <Value>
          <label>stimmt nicht</label>
          <value>2</value>
        </Value>
      </Values>
    </Variable>
    <Variable id="text_10" alias="text_10" type="no-value" format="" nullable="false" multiple="false" page=""/>
    <Variable id="_audio10" alias="_audio10" type="number" format="" nullable="false" multiple="false" page=""/>
    <Variable id="text_10a" alias="text_10a" type="no-value" format="" nullable="false" multiple="false" page=""/>
    <Variable id="09" alias="09" type="string" format="" nullable="false" multiple="false" page=""/>
    <Variable id="text_" alias="text_" type="no-value" format="" nullable="false" multiple="false" page=""/>
    <Variable id="_audio11" alias="_audio11" type="number" format="" nullable="false" multiple="false" page=""/>
    <Variable id="text_11a" alias="text_11a" type="no-value" format="" nullable="false" multiple="false" page=""/>
    <Variable id="10" alias="10" type="integer" format="" nullable="false" multiple="false" page="">
      <Values complete="true">
        <Value>
          <label/>
          <value>1</value>
        </Value>
        <Value>
          <label/>
          <value>2</value>
        </Value>
        <Value>
          <label/>
          <value>3</value>
        </Value>
        <Value>
          <label/>
          <value>4</value>
        </Value>
      </Values>
    </Variable>
    <Variable id="text_12" alias="text_12" type="no-value" format="" nullable="false" multiple="false" page=""/>
    <Variable id="_audio12" alias="_audio12" type="number" format="" nullable="false" multiple="false" page=""/>
    <Variable id="text_12a" alias="text_12a" type="no-value" format="" nullable="false" multiple="false" page=""/>
    <Variable id="_audio_12a" alias="_audio_12a" type="number" format="" nullable="false" multiple="false" page=""/>
    <Variable id="11" alias="11" type="integer" format="" nullable="false" multiple="false" page="">
      <Values complete="true">
        <Value>
          <label>3 Uhr</label>
          <value>1</value>
        </Value>
        <Value>
          <label>4 Uhr</label>
          <value>2</value>
        </Value>
        <Value>
          <label>5 Uhr</label>
          <value>3</value>
        </Value>
        <Value>
          <label>6 Uhr</label>
          <value>4</value>
        </Value>
      </Values>
    </Variable>
    <Variable id="_audio_12b" alias="_audio_12b" type="number" format="" nullable="false" multiple="false" page=""/>
    <Variable id="_audio_12c" alias="_audio_12c" type="number" format="" nullable="false" multiple="false" page=""/>
    <Variable id="_audio_12d" alias="_audio_12d" type="number" format="" nullable="false" multiple="false" page=""/>
    <Variable id="text_13" alias="text_13" type="no-value" format="" nullable="false" multiple="false" page=""/>
    <Variable id="_audio13" alias="_audio13" type="number" format="" nullable="false" multiple="false" page=""/>
    <Variable id="text_13a" alias="text_13a" type="no-value" format="" nullable="false" multiple="false" page=""/>
    <Variable id="12" alias="12" type="string" format="" nullable="false" multiple="false" page=""/>
    <Variable id="_source01" alias="_source01" type="no-value" format="" nullable="false" multiple="false" page=""/>
    <Variable id="_outro01" alias="_outro01" type="no-value" format="" nullable="false" multiple="false" page=""/>
    <Variable id="_button01" alias="_button01" type="no-value" format="" nullable="false" multiple="false" page=""/>
  </BaseVariables>
  <CodingSchemeRef schemer="iqb-schemer@2.1" lastChange="2025-01-13T12:39:11.497Z">Audio1.vocs</CodingSchemeRef>
</Unit>