<?xml version="1.0"?>
<Unit xmlns:xsi="http://www.w3.org/2001/XMLSchema-instance" xsi:noNamespaceSchemaLocation="https://github.com/iqb-berlin/testcenter/blob/master/definitions/vo_Unit.xsd">
  <Metadata lastChange="2025-12-19T17:17:34.267Z">
    <Id>Audio2</Id>
    <Label>Vögel, Monster</Label>
    <Description/>
    <Reference>Audio2.vomd</Reference>
  </Metadata>
  <DefinitionRef player="iqb-player-aspect@2.4" editor="iqb-editor-aspect@2.4" lastChange="2025-12-19T14:51:48.699Z">Audio2.voud</DefinitionRef>
  <BaseVariables>
    <Variable id="_intro00a" alias="_intro00a" type="no-value" format="" nullable="false" multiple="false" page=""/>
    <Variable id="_audio00" alias="_audio00" type="number" format="" nullable="false" multiple="false" page=""/>
    <Variable id="_intro00b" alias="_intro00b" type="no-value" format="" nullable="false" multiple="false" page=""/>
    <Variable id="_number01" alias="_number01" type="no-value" format="" nullable="false" multiple="false" page=""/>
    <Variable id="_audio01" alias="_audio01" type="number" format="" nullable="false" multiple="false" page=""/>
    <Variable id="_intro01" alias="_intro01" type="no-value" format="" nullable="false" multiple="false" page=""/>
    <Variable id="_audio01a" alias="_audio01a" type="number" format="" nullable="false" multiple="false" page=""/>
    <Variable id="01" alias="01" type="integer" format="" nullable="false" multiple="false" page="">
      <Values complete="true">
        <Value>
          <label>1</label>
          <value>1</value>
        </Value>
        <Value>
          <label>2</label>
          <value>2</value>
        </Value>
        <Value>
          <label>3</label>
          <value>3</value>
        </Value>
        <Value>
          <label>4</label>
          <value>4</value>
        </Value>
      </Values>
    </Variable>
    <Variable id="_audio01b" alias="_audio01b" type="number" format="" nullable="false" multiple="false" page=""/>
    <Variable id="_audio01c" alias="_audio01c" type="number" format="" nullable="false" multiple="false" page=""/>
    <Variable id="_audio01d" alias="_audio01d" type="number" format="" nullable="false" multiple="false" page=""/>
    <Variable id="_number02" alias="_number02" type="no-value" format="" nullable="false" multiple="false" page=""/>
    <Variable id="_audio02" alias="_audio02" type="number" format="" nullable="false" multiple="false" page=""/>
    <Variable id="text_02" alias="text_02" type="no-value" format="" nullable="false" multiple="false" page=""/>
    <Variable id="_audio02a" alias="_audio02a" type="number" format="" nullable="false" multiple="false" page=""/>
    <Variable id="02" alias="02" type="integer" format="" nullable="false" multiple="false" page="">
      <Values complete="true">
        <Value>
          <label>einen Brief</label>
          <value>1</value>
        </Value>
        <Value>
          <label>einen Telefonanruf</label>
          <value>2</value>
        </Value>
        <Value>
          <label>eine Sprachnachricht</label>
          <value>3</value>
        </Value>
        <Value>
          <label>eine E-Mail</label>
          <value>4</value>
        </Value>
      </Values>
    </Variable>
    <Variable id="_audio02b" alias="_audio02b" type="number" format="" nullable="false" multiple="false" page=""/>
    <Variable id="_audio02c" alias="_audio02c" type="number" format="" nullable="false" multiple="false" page=""/>
    <Variable id="_audio02d" alias="_audio02d" type="number" format="" nullable="false" multiple="false" page=""/>
    <Variable id="_number03" alias="_number03" type="no-value" format="" nullable="false" multiple="false" page=""/>
    <Variable id="_audio03" alias="_audio03" type="number" format="" nullable="false" multiple="false" page=""/>
    <Variable id="intro_03" alias="intro_03" type="no-value" format="" nullable="false" multiple="false" page=""/>
    <Variable id="_audio_03a" alias="_audio_03a" type="number" format="" nullable="false" multiple="false" page=""/>
    <Variable id="03" alias="03" type="integer" format="" nullable="false" multiple="false" page="">
      <Values complete="true">
        <Value>
          <label>im Urlaub</label>
          <value>1</value>
        </Value>
        <Value>
          <label>beim Sport</label>
          <value>2</value>
        </Value>
        <Value>
          <label>im Wald</label>
          <value>3</value>
        </Value>
        <Value>
          <label>beim Arzt</label>
          <value>4</value>
        </Value>
      </Values>
    </Variable>
    <Variable id="_audio_03b" alias="_audio_03b" type="number" format="" nullable="false" multiple="false" page=""/>
    <Variable id="_audio_03c" alias="_audio_03c" type="number" format="" nullable="false" multiple="false" page=""/>
    <Variable id="_audio_03d" alias="_audio_03d" type="number" format="" nullable="false" multiple="false" page=""/>
    <Variable id="_text_05" alias="_text_05" type="no-value" format="" nullable="false" multiple="false" page=""/>
    <Variable id="_audio_05" alias="_audio_05" type="number" format="" nullable="false" multiple="false" page=""/>
    <Variable id="_intro_05" alias="_intro_05" type="no-value" format="" nullable="false" multiple="false" page=""/>
    <Variable id="_audio_05a" alias="_audio_05a" type="number" format="" nullable="false" multiple="false" page=""/>
    <Variable id="04" alias="04" type="integer" format="" nullable="false" multiple="false" page="">
      <Values complete="true">
        <Value>
          <label>hören</label>
          <value>1</value>
        </Value>
        <Value>
          <label>riechen</label>
          <value>2</value>
        </Value>
        <Value>
          <label>sehen</label>
          <value>3</value>
        </Value>
        <Value>
          <label>fühlen</label>
          <value>4</value>
        </Value>
      </Values>
    </Variable>
    <Variable id="_audio_05b" alias="_audio_05b" type="number" format="" nullable="false" multiple="false" page=""/>
    <Variable id="_audio_05c" alias="_audio_05c" type="number" format="" nullable="false" multiple="false" page=""/>
    <Variable id="_audio_05d" alias="_audio_05d" type="number" format="" nullable="false" multiple="false" page=""/>
    <Variable id="_text_6" alias="_text_6" type="no-value" format="" nullable="false" multiple="false" page=""/>
    <Variable id="_audio_06" alias="_audio_06" type="number" format="" nullable="false" multiple="false" page=""/>
    <Variable id="_text_6a" alias="_text_6a" type="no-value" format="" nullable="false" multiple="false" page=""/>
    <Variable id="05" alias="05" type="string" format="" nullable="false" multiple="false" page=""/>
    <Variable id="_number07" alias="_number07" type="no-value" format="" nullable="false" multiple="false" page=""/>
    <Variable id="_audio07" alias="_audio07" type="number" format="" nullable="false" multiple="false" page=""/>
    <Variable id="06" alias="06" type="integer" format="" nullable="false" multiple="false" page="">
      <Values complete="true">
        <Value>
          <label/>
          <value>1</value>
        </Value>
        <Value>
          <label/>
          <value>2</value>
        </Value>
        <Value>
          <label/>
          <value>3</value>
        </Value>
        <Value>
          <label/>
          <value>4</value>
        </Value>
      </Values>
    </Variable>
    <Variable id="text_16" alias="text_16" type="no-value" format="" nullable="false" multiple="false" page=""/>
    <Variable id="_source01" alias="_source01" type="no-value" format="" nullable="false" multiple="false" page=""/>
    <Variable id="_outro01" alias="_outro01" type="no-value" format="" nullable="false" multiple="false" page=""/>
    <Variable id="_button01" alias="_button01" type="no-value" format="" nullable="false" multiple="false" page=""/>
  </BaseVariables>
  <CodingSchemeRef schemer="iqb-schemer@2.1" lastChange="2025-01-13T12:39:11.510Z">Audio2.vocs</CodingSchemeRef>
</Unit>