<?xml version="1.0"?>
<Unit xmlns:xsi="http://www.w3.org/2001/XMLSchema-instance" xsi:noNamespaceSchemaLocation="https://github.com/iqb-berlin/testcenter/blob/master/definitions/vo_Unit.xsd">
  <Metadata lastChange="2025-12-22T10:16:21.918Z">
    <Id>M6_AK0012</Id>
    <Label>FFFFFFFFFFFFFFFFF</Label>
    <Description/>
    <Reference>M6_AK0012.vomd</Reference>
  </Metadata>
  <DefinitionRef player="iqb-player-aspect@2.4" editor="iqb-editor-aspect@2.4" lastChange="2025-12-23T08:34:41.324Z">M6_AK0012.voud</DefinitionRef>
  <BaseVariables>
    <Variable id="_intro00a" alias="_intro00a" type="no-value" format="" nullable="false" multiple="false" page=""/>
    <Variable id="text_13" alias="text_13" type="no-value" format="" nullable="false" multiple="false" page=""/>
    <Variable id="_video00" alias="_video00" type="number" format="" nullable="false" multiple="false" page=""/>
    <Variable id="_number01" alias="_number01" type="no-value" format="" nullable="false" multiple="false" page=""/>
    <Variable id="cloze_2" alias="cloze_2" type="no-value" format="" nullable="false" multiple="false" page=""/>
    <Variable id="01" alias="01" type="string" format="" nullable="false" multiple="false" page=""/>
    <Variable id="_number02" alias="_number02" type="no-value" format="" nullable="false" multiple="false" page=""/>
    <Variable id="text_3" alias="text_3" type="no-value" format="" nullable="false" multiple="false" page=""/>
    <Variable id="02" alias="02" type="integer" format="" nullable="false" multiple="false" page="">
      <Values complete="true">
        <Value>
          <label>A</label>
          <value>1</value>
        </Value>
        <Value>
          <label>B</label>
          <value>2</value>
        </Value>
        <Value>
          <label>C</label>
          <value>3</value>
        </Value>
      </Values>
    </Variable>
    <Variable id="_source01" alias="_source01" type="no-value" format="" nullable="false" multiple="false" page=""/>
    <Variable id="_outro01" alias="_outro01" type="no-value" format="" nullable="false" multiple="false" page=""/>
    <Variable id="_button01" alias="_button010" type="no-value" format="" nullable="false" multiple="false" page=""/>
  </BaseVariables>
  <CodingSchemeRef schemer="iqb-schemer@2.1" lastChange="2025-12-22T11:26:08.476Z">M6_AK0012.vocs</CodingSchemeRef>
</Unit>