<?xml version="1.0"?>
<Unit xmlns:xsi="http://www.w3.org/2001/XMLSchema-instance" xsi:noNamespaceSchemaLocation="https://github.com/iqb-berlin/testcenter/blob/master/definitions/vo_Unit.xsd">
  <Metadata lastChange="2025-12-22T10:16:29.418Z">
    <Id>M6_AK0011</Id>
    <Label>AAAAAAAAAAAAAAAAA</Label>
    <Description/>
    <Reference>M6_AK0011.vomd</Reference>
  </Metadata>
  <DefinitionRef player="iqb-player-aspect@2.4" editor="iqb-editor-aspect@2.4" lastChange="2025-12-23T08:33:54.158Z">M6_AK0011.voud</DefinitionRef>
  <BaseVariables>
    <Variable id="_intro00a" alias="_intro00a" type="no-value" format="" nullable="false" multiple="false" page=""/>
    <Variable id="text_1" alias="text_1" type="no-value" format="" nullable="false" multiple="false" page=""/>
    <Variable id="_video00" alias="_video00" type="number" format="" nullable="false" multiple="false" page=""/>
    <Variable id="_number03" alias="_number03" type="no-value" format="" nullable="false" multiple="false" page=""/>
    <Variable id="text_2" alias="text_2" type="no-value" format="" nullable="false" multiple="false" page=""/>
    <Variable id="_intro04" alias="_intro04" type="no-value" format="" nullable="false" multiple="false" page=""/>
    <Variable id="_number05" alias="_number05" type="no-value" format="" nullable="false" multiple="false" page=""/>
    <Variable id="_intro05" alias="_intro05" type="no-value" format="" nullable="false" multiple="false" page=""/>
    <Variable id="05" alias="05" type="string" format="" nullable="false" multiple="false" page=""/>
    <Variable id="_intro07" alias="_intro07" type="no-value" format="" nullable="false" multiple="false" page=""/>
    <Variable id="07" alias="07" type="integer" format="" nullable="false" multiple="false" page="">
      <Values complete="true">
        <Value>
          <label>A</label>
          <value>1</value>
        </Value>
        <Value>
          <label>B</label>
          <value>2</value>
        </Value>
        <Value>
          <label>C</label>
          <value>3</value>
        </Value>
        <Value>
          <label>D</label>
          <value>4</value>
        </Value>
      </Values>
    </Variable>
    <Variable id="_number08" alias="_number08" type="no-value" format="" nullable="false" multiple="false" page=""/>
    <Variable id="_intro08" alias="_intro08" type="no-value" format="" nullable="false" multiple="false" page=""/>
    <Variable id="08" alias="08" type="string" format="" nullable="false" multiple="false" page=""/>
    <Variable id="_number09" alias="_number09" type="no-value" format="" nullable="false" multiple="false" page=""/>
    <Variable id="_intro09" alias="_intro09" type="no-value" format="" nullable="false" multiple="false" page=""/>
    <Variable id="09" alias="09" type="integer" format="" nullable="false" multiple="false" page="">
      <Values complete="true">
        <Value>
          <label>9a</label>
          <value>1</value>
        </Value>
        <Value>
          <label>9b</label>
          <value>2</value>
        </Value>
        <Value>
          <label>9c</label>
          <value>3</value>
        </Value>
        <Value>
          <label>9d</label>
          <value>4</value>
        </Value>
      </Values>
    </Variable>
    <Variable id="_intro10" alias="_intro10" type="no-value" format="" nullable="false" multiple="false" page=""/>
    <Variable id="10" alias="10" type="string" format="" nullable="false" multiple="false" page=""/>
    <Variable id="_number11" alias="_number11" type="no-value" format="" nullable="false" multiple="false" page=""/>
    <Variable id="_intro11" alias="_intro11" type="no-value" format="" nullable="false" multiple="false" page=""/>
    <Variable id="_cmc11" alias="_cmc11" type="no-value" format="" nullable="false" multiple="false" page=""/>
    <Variable id="11a" alias="11a" type="integer" format="" nullable="false" multiple="false" page="">
      <Values complete="true">
        <Value>
          <label>stimmt</label>
          <value>1</value>
        </Value>
        <Value>
          <label>stimmt nicht</label>
          <value>2</value>
        </Value>
      </Values>
    </Variable>
    <Variable id="11b" alias="11b" type="integer" format="" nullable="false" multiple="false" page="">
      <Values complete="true">
        <Value>
          <label>stimmt</label>
          <value>1</value>
        </Value>
        <Value>
          <label>stimmt nicht</label>
          <value>2</value>
        </Value>
      </Values>
    </Variable>
    <Variable id="11c" alias="11c" type="integer" format="" nullable="false" multiple="false" page="">
      <Values complete="true">
        <Value>
          <label>stimmt</label>
          <value>1</value>
        </Value>
        <Value>
          <label>stimmt nicht</label>
          <value>2</value>
        </Value>
      </Values>
    </Variable>
    <Variable id="11d" alias="11d" type="integer" format="" nullable="false" multiple="false" page="">
      <Values complete="true">
        <Value>
          <label>stimmt</label>
          <value>1</value>
        </Value>
        <Value>
          <label>stimmt nicht</label>
          <value>2</value>
        </Value>
      </Values>
    </Variable>
    <Variable id="11e" alias="11e" type="integer" format="" nullable="false" multiple="false" page="">
      <Values complete="true">
        <Value>
          <label>stimmt</label>
          <value>1</value>
        </Value>
        <Value>
          <label>stimmt nicht</label>
          <value>2</value>
        </Value>
      </Values>
    </Variable>
    <Variable id="_number12" alias="_number12" type="no-value" format="" nullable="false" multiple="false" page=""/>
    <Variable id="_intro12" alias="_intro12" type="no-value" format="" nullable="false" multiple="false" page=""/>
    <Variable id="12" alias="12" type="string" format="" nullable="false" multiple="false" page=""/>
    <Variable id="_source01" alias="_source01" type="no-value" format="" nullable="false" multiple="false" page=""/>
    <Variable id="_outro01" alias="_outro01" type="no-value" format="" nullable="false" multiple="false" page=""/>
    <Variable id="_button01" alias="_button01" type="no-value" format="" nullable="false" multiple="false" page=""/>
  </BaseVariables>
  <CodingSchemeRef schemer="iqb-schemer@2.1" lastChange="2025-12-22T11:25:18.554Z">M6_AK0011.vocs</CodingSchemeRef>
</Unit>