<?xml version="1.0"?>
<Unit xmlns:xsi="http://www.w3.org/2001/XMLSchema-instance" xsi:noNamespaceSchemaLocation="https://github.com/iqb-berlin/testcenter/blob/master/definitions/vo_Unit.xsd">
  <Metadata lastChange="2025-12-19T17:17:02.150Z">
    <Id>Video2</Id>
    <Label>Alle über Franz und Freunde</Label>
    <Description/>
    <Reference>Video2.vomd</Reference>
  </Metadata>
  <DefinitionRef player="iqb-player-aspect@2.4" editor="iqb-editor-aspect@2.4" lastChange="2025-12-19T14:51:35.785Z">Video2.voud</DefinitionRef>
  <BaseVariables>
    <Variable id="_intro00a" alias="_intro00a" type="no-value" format="" nullable="false" multiple="false" page=""/>
    <Variable id="text_13" alias="text_13" type="no-value" format="" nullable="false" multiple="false" page=""/>
    <Variable id="_video00" alias="_video00" type="number" format="" nullable="false" multiple="false" page=""/>
    <Variable id="_number01" alias="_number01" type="no-value" format="" nullable="false" multiple="false" page=""/>
    <Variable id="_audio01" alias="_audio01" type="number" format="" nullable="false" multiple="false" page=""/>
    <Variable id="cloze_2" alias="cloze_2" type="no-value" format="" nullable="false" multiple="false" page=""/>
    <Variable id="01" alias="01" type="string" format="" nullable="false" multiple="false" page=""/>
    <Variable id="_number02" alias="_number02" type="no-value" format="" nullable="false" multiple="false" page=""/>
    <Variable id="_audio02" alias="_audio02" type="number" format="" nullable="false" multiple="false" page=""/>
    <Variable id="text_3" alias="text_3" type="no-value" format="" nullable="false" multiple="false" page=""/>
    <Variable id="_audio02a" alias="_audio02a" type="number" format="" nullable="false" multiple="false" page=""/>
    <Variable id="02" alias="02" type="integer" format="" nullable="false" multiple="false" page="">
      <Values complete="true">
        <Value>
          <label>Alle spielen gern Theater.</label>
          <value>1</value>
        </Value>
        <Value>
          <label>Alle sprechen viele Sprachen.</label>
          <value>2</value>
        </Value>
        <Value>
          <label>Alle machen gern Musik.</label>
          <value>3</value>
        </Value>
        <Value>
          <label>Alle gehen oft ins Kino.</label>
          <value>4</value>
        </Value>
      </Values>
    </Variable>
    <Variable id="_audio02b" alias="_audio02b" type="number" format="" nullable="false" multiple="false" page=""/>
    <Variable id="_audio02c" alias="_audio02c" type="number" format="" nullable="false" multiple="false" page=""/>
    <Variable id="_audio02d" alias="_audio02d" type="number" format="" nullable="false" multiple="false" page=""/>
    <Variable id="_number03" alias="_number03" type="no-value" format="" nullable="false" multiple="false" page=""/>
    <Variable id="_audio03" alias="_audio03" type="number" format="" nullable="false" multiple="false" page=""/>
    <Variable id="text_4" alias="text_4" type="no-value" format="" nullable="false" multiple="false" page=""/>
    <Variable id="03" alias="03" type="string" format="" nullable="false" multiple="false" page=""/>
    <Variable id="_number04" alias="_number04" type="no-value" format="" nullable="false" multiple="false" page=""/>
    <Variable id="_audio04" alias="_audio04" type="number" format="" nullable="false" multiple="false" page=""/>
    <Variable id="_intro01" alias="_intro01" type="no-value" format="" nullable="false" multiple="false" page=""/>
    <Variable id="_image01" alias="_image01" type="no-value" format="" nullable="false" multiple="false" page=""/>
    <Variable id="_audio04a" alias="_audio04a" type="number" format="" nullable="false" multiple="false" page=""/>
    <Variable id="04" alias="04" type="integer" format="" nullable="false" multiple="false" page="">
      <Values complete="true">
        <Value>
          <label>gelassen</label>
          <value>1</value>
        </Value>
        <Value>
          <label>aufgeregt</label>
          <value>2</value>
        </Value>
        <Value>
          <label>mutig</label>
          <value>3</value>
        </Value>
        <Value>
          <label>ängstlich</label>
          <value>4</value>
        </Value>
      </Values>
    </Variable>
    <Variable id="_audio04b" alias="_audio04b" type="number" format="" nullable="false" multiple="false" page=""/>
    <Variable id="_audio04c" alias="_audio04c" type="number" format="" nullable="false" multiple="false" page=""/>
    <Variable id="_audio04d" alias="_audio04d" type="number" format="" nullable="false" multiple="false" page=""/>
    <Variable id="_number05" alias="_number05" type="no-value" format="" nullable="false" multiple="false" page=""/>
    <Variable id="_audio05" alias="_audio05" type="number" format="" nullable="false" multiple="false" page=""/>
    <Variable id="text_5" alias="text_5" type="no-value" format="" nullable="false" multiple="false" page=""/>
    <Variable id="_audio05a" alias="_audio05a" type="number" format="" nullable="false" multiple="false" page=""/>
    <Variable id="05" alias="05" type="integer" format="" nullable="false" multiple="false" page="">
      <Values complete="true">
        <Value>
          <label>Pinocchio</label>
          <value>1</value>
        </Value>
        <Value>
          <label>Gregs Tagebuch</label>
          <value>2</value>
        </Value>
        <Value>
          <label>Sternenschweif</label>
          <value>3</value>
        </Value>
        <Value>
          <label>Hexe Lilli</label>
          <value>4</value>
        </Value>
      </Values>
    </Variable>
    <Variable id="_audio05b" alias="_audio05b" type="number" format="" nullable="false" multiple="false" page=""/>
    <Variable id="_audio05c" alias="_audio05c" type="number" format="" nullable="false" multiple="false" page=""/>
    <Variable id="_audio05d" alias="_audio05d" type="number" format="" nullable="false" multiple="false" page=""/>
    <Variable id="_number06" alias="_number06" type="no-value" format="" nullable="false" multiple="false" page=""/>
    <Variable id="_audio06" alias="_audio06" type="number" format="" nullable="false" multiple="false" page=""/>
    <Variable id="_intro06" alias="_intro06" type="no-value" format="" nullable="false" multiple="false" page=""/>
    <Variable id="_audio06a" alias="_audio06a" type="number" format="" nullable="false" multiple="false" page=""/>
    <Variable id="06" alias="06" type="integer" format="" nullable="false" multiple="false" page="">
      <Values complete="true">
        <Value>
          <label>Franz soll mit den Füßen mehrmals laut aufstampfen.</label>
          <value>1</value>
        </Value>
        <Value>
          <label>Franz soll zwischen den Sätzen laut ausatmen.</label>
          <value>2</value>
        </Value>
        <Value>
          <label>Franz soll schneller sprechen als in anderen Situationen.</label>
          <value>3</value>
        </Value>
        <Value>
          <label>Franz soll ein paar Schritte auf das Mikrofon zugehen. </label>
          <value>4</value>
        </Value>
      </Values>
    </Variable>
    <Variable id="_audio06b" alias="_audio06b" type="number" format="" nullable="false" multiple="false" page=""/>
    <Variable id="_audio06c" alias="_audio06c" type="number" format="" nullable="false" multiple="false" page=""/>
    <Variable id="_audio06d" alias="_audio06d" type="number" format="" nullable="false" multiple="false" page=""/>
    <Variable id="_number07" alias="_number07" type="no-value" format="" nullable="false" multiple="false" page=""/>
    <Variable id="_audio07" alias="_audio07" type="number" format="" nullable="false" multiple="false" page=""/>
    <Variable id="_intro07" alias="_intro07" type="no-value" format="" nullable="false" multiple="false" page=""/>
    <Variable id="_audio07a" alias="_audio07a" type="number" format="" nullable="false" multiple="false" page=""/>
    <Variable id="07" alias="07" type="integer" format="" nullable="false" multiple="false" page="">
      <Values complete="true">
        <Value>
          <label>dass die Aufnahme von der letzten Woche gekürzt wird</label>
          <value>1</value>
        </Value>
        <Value>
          <label>dass nichts mehr an der Aufnahme geändert wird</label>
          <value>2</value>
        </Value>
        <Value>
          <label>dass noch ein zweites Hörspiel aufgenommen wird</label>
          <value>3</value>
        </Value>
        <Value>
          <label>dass das Ende der Geschichte neu eingesprochen wird </label>
          <value>4</value>
        </Value>
      </Values>
    </Variable>
    <Variable id="_audio07b" alias="_audio07b" type="number" format="" nullable="false" multiple="false" page=""/>
    <Variable id="_audio07c" alias="_audio07c" type="number" format="" nullable="false" multiple="false" page=""/>
    <Variable id="_audio07d" alias="_audio07d" type="number" format="" nullable="false" multiple="false" page=""/>
    <Variable id="_number08" alias="_number08" type="no-value" format="" nullable="false" multiple="false" page=""/>
    <Variable id="_audio08" alias="_audio08" type="number" format="" nullable="false" multiple="false" page=""/>
    <Variable id="text_2" alias="text_2" type="no-value" format="" nullable="false" multiple="false" page=""/>
    <Variable id="_audio08a" alias="_audio08a" type="number" format="" nullable="false" multiple="false" page=""/>
    <Variable id="08" alias="08" type="integer" format="" nullable="false" multiple="false" page="">
      <Values complete="true">
        <Value>
          <label>Man muss viele Sprachen sprechen können.</label>
          <value>1</value>
        </Value>
        <Value>
          <label>Man muss sich gut in Figuren einfühlen können.</label>
          <value>2</value>
        </Value>
        <Value>
          <label>Man muss viele Stimmen nachmachen können.</label>
          <value>3</value>
        </Value>
        <Value>
          <label>Man muss sich viel Text merken können.</label>
          <value>4</value>
        </Value>
      </Values>
    </Variable>
    <Variable id="_audio08b" alias="_audio08b" type="number" format="" nullable="false" multiple="false" page=""/>
    <Variable id="_audio08c" alias="_audio08c" type="number" format="" nullable="false" multiple="false" page=""/>
    <Variable id="_audio08d" alias="_audio08d" type="number" format="" nullable="false" multiple="false" page=""/>
    <Variable id="_number09" alias="_number09" type="no-value" format="" nullable="false" multiple="false" page=""/>
    <Variable id="_audio09" alias="_audio09" type="number" format="" nullable="false" multiple="false" page=""/>
    <Variable id="_intro09" alias="_intro09" type="no-value" format="" nullable="false" multiple="false" page=""/>
    <Variable id="_audio09a" alias="_audio09a" type="number" format="" nullable="false" multiple="false" page=""/>
    <Variable id="09" alias="09" type="integer" format="" nullable="false" multiple="false" page="">
      <Values complete="true">
        <Value>
          <label>Für jeden Arbeitsschritt wird im Film eine neue Zahl eingeblendet.</label>
          <value>1</value>
        </Value>
        <Value>
          <label>Die Arbeitsschritte werden im Film mit Untertiteln beschriftet.</label>
          <value>2</value>
        </Value>
        <Value>
          <label>Die Regisseurin zählt am Anfang des Films die Arbeitsschritte auf.</label>
          <value>3</value>
        </Value>
        <Value>
          <label>Es werden viele Arbeitsschritte im Film nacheinander gezeigt.</label>
          <value>4</value>
        </Value>
      </Values>
    </Variable>
    <Variable id="_audio09b" alias="_audio09b" type="number" format="" nullable="false" multiple="false" page=""/>
    <Variable id="_audio09c" alias="_audio09c" type="number" format="" nullable="false" multiple="false" page=""/>
    <Variable id="_audio09d" alias="_audio09d" type="number" format="" nullable="false" multiple="false" page=""/>
    <Variable id="_number10" alias="_number10" type="no-value" format="" nullable="false" multiple="false" page=""/>
    <Variable id="_audio10" alias="_audio10" type="number" format="" nullable="false" multiple="false" page=""/>
    <Variable id="text_6" alias="text_6" type="no-value" format="" nullable="false" multiple="false" page=""/>
    <Variable id="_audio10a" alias="_audio10a" type="number" format="" nullable="false" multiple="false" page=""/>
    <Variable id="10" alias="10" type="integer" format="" nullable="false" multiple="false" page="">
      <Values complete="true">
        <Value>
          <label>Das Geräuschestudio wird auf einer Landkarte gezeigt.</label>
          <value>1</value>
        </Value>
        <Value>
          <label>Durch das Fenster im Geräuschestudio hört man Verkehrslärm.</label>
          <value>2</value>
        </Value>
        <Value>
          <label>Franz erklärt, dass das Geräuschestudio in einer Stadt ist.</label>
          <value>3</value>
        </Value>
        <Value>
          <label>Man sieht eine Stadt, bevor man das Geräuschestudio sieht.</label>
          <value>4</value>
        </Value>
      </Values>
    </Variable>
    <Variable id="_audio10b" alias="_audio10b" type="number" format="" nullable="false" multiple="false" page=""/>
    <Variable id="_audio10c" alias="_audio10c" type="number" format="" nullable="false" multiple="false" page=""/>
    <Variable id="_audio10d" alias="_audio10d" type="number" format="" nullable="false" multiple="false" page=""/>
    <Variable id="_number11" alias="_number11" type="no-value" format="" nullable="false" multiple="false" page=""/>
    <Variable id="_audio11" alias="_audio11" type="number" format="" nullable="false" multiple="false" page=""/>
    <Variable id="text_7" alias="text_7" type="no-value" format="" nullable="false" multiple="false" page=""/>
    <Variable id="_audio11a" alias="_audio11a" type="number" format="" nullable="false" multiple="false" page=""/>
    <Variable id="11" alias="11" type="integer" format="" nullable="false" multiple="false" page="">
      <Values complete="true">
        <Value>
          <label>von den vielen Tricks</label>
          <value>1</value>
        </Value>
        <Value>
          <label>von den technischen Geräten</label>
          <value>2</value>
        </Value>
        <Value>
          <label>von den netten Mitarbeitern</label>
          <value>3</value>
        </Value>
        <Value>
          <label>von den riesigen Hallen</label>
          <value>4</value>
        </Value>
      </Values>
    </Variable>
    <Variable id="_audio11b" alias="_audio11b" type="number" format="" nullable="false" multiple="false" page=""/>
    <Variable id="_audio11c" alias="_audio11c" type="number" format="" nullable="false" multiple="false" page=""/>
    <Variable id="_audio11d" alias="_audio11d" type="number" format="" nullable="false" multiple="false" page=""/>
    <Variable id="_number12" alias="_number12" type="no-value" format="" nullable="false" multiple="false" page=""/>
    <Variable id="_audio12" alias="_audio12" type="number" format="" nullable="false" multiple="false" page=""/>
    <Variable id="_intro12" alias="_intro12" type="no-value" format="" nullable="false" multiple="false" page=""/>
    <Variable id="12" alias="12" type="string" format="" nullable="false" multiple="false" page=""/>
    <Variable id="text_8" alias="text_8" type="no-value" format="" nullable="false" multiple="false" page=""/>
    <Variable id="_audio13" alias="_audio13" type="number" format="" nullable="false" multiple="false" page=""/>
    <Variable id="text_11" alias="text_11" type="no-value" format="" nullable="false" multiple="false" page=""/>
    <Variable id="image_1" alias="image_1" type="no-value" format="" nullable="false" multiple="false" page=""/>
    <Variable id="_audio13a" alias="_audio13a" type="number" format="" nullable="false" multiple="false" page=""/>
    <Variable id="13" alias="13" type="integer" format="" nullable="false" multiple="false" page="">
      <Values complete="true">
        <Value>
          <label/>
          <value>1</value>
        </Value>
        <Value>
          <label/>
          <value>2</value>
        </Value>
        <Value>
          <label/>
          <value>3</value>
        </Value>
        <Value>
          <label/>
          <value>4</value>
        </Value>
      </Values>
    </Variable>
    <Variable id="_audio13b" alias="_audio13b" type="number" format="" nullable="false" multiple="false" page=""/>
    <Variable id="_audio13c" alias="_audio13c" type="number" format="" nullable="false" multiple="false" page=""/>
    <Variable id="_audio13d" alias="_audio13d" type="number" format="" nullable="false" multiple="false" page=""/>
    <Variable id="text_9" alias="text_9" type="no-value" format="" nullable="false" multiple="false" page=""/>
    <Variable id="_audio14" alias="_audio14" type="number" format="" nullable="false" multiple="false" page=""/>
    <Variable id="text_12" alias="text_12" type="no-value" format="" nullable="false" multiple="false" page=""/>
    <Variable id="image_2" alias="image_2" type="no-value" format="" nullable="false" multiple="false" page=""/>
    <Variable id="_audio14a" alias="_audio14a" type="number" format="" nullable="false" multiple="false" page=""/>
    <Variable id="14" alias="14" type="integer" format="" nullable="false" multiple="false" page="">
      <Values complete="true">
        <Value>
          <label/>
          <value>1</value>
        </Value>
        <Value>
          <label/>
          <value>2</value>
        </Value>
        <Value>
          <label/>
          <value>3</value>
        </Value>
        <Value>
          <label/>
          <value>4</value>
        </Value>
      </Values>
    </Variable>
    <Variable id="_audio14b" alias="_audio14b" type="number" format="" nullable="false" multiple="false" page=""/>
    <Variable id="_audio14c" alias="_audio14c" type="number" format="" nullable="false" multiple="false" page=""/>
    <Variable id="_audio14d" alias="_audio14d" type="number" format="" nullable="false" multiple="false" page=""/>
    <Variable id="text_10" alias="text_10" type="no-value" format="" nullable="false" multiple="false" page=""/>
    <Variable id="_audio15" alias="_audio15" type="number" format="" nullable="false" multiple="false" page=""/>
    <Variable id="_intro02" alias="_intro02" type="no-value" format="" nullable="false" multiple="false" page=""/>
    <Variable id="button_1" alias="button_1" type="no-value" format="" nullable="false" multiple="false" page=""/>
    <Variable id="15" alias="15" type="string" format="" nullable="false" multiple="true" page="">
      <Values complete="true">
        <Value>
          <label/>
          <value>15_1</value>
        </Value>
        <Value>
          <label/>
          <value>15_2</value>
        </Value>
        <Value>
          <label/>
          <value>15_3</value>
        </Value>
        <Value>
          <label/>
          <value>15_4</value>
        </Value>
        <Value>
          <label/>
          <value>15_5</value>
        </Value>
        <Value>
          <label/>
          <value>15_6</value>
        </Value>
      </Values>
    </Variable>
    <Variable id="_image02" alias="_image02" type="no-value" format="" nullable="false" multiple="false" page=""/>
    <Variable id="_text02a" alias="_text02a" type="no-value" format="" nullable="false" multiple="false" page=""/>
    <Variable id="_text02b" alias="_text02b" type="no-value" format="" nullable="false" multiple="false" page=""/>
    <Variable id="_source01" alias="_source01" type="no-value" format="" nullable="false" multiple="false" page=""/>
    <Variable id="_outro01" alias="_outro01" type="no-value" format="" nullable="false" multiple="false" page=""/>
    <Variable id="_button01" alias="_button01" type="no-value" format="" nullable="false" multiple="false" page=""/>
  </BaseVariables>
  <CodingSchemeRef schemer="iqb-schemer@2.1" lastChange="2025-01-13T12:39:12.416Z">Video2.vocs</CodingSchemeRef>
</Unit>