<?xml version="1.0"?>
<Unit xmlns:xsi="http://www.w3.org/2001/XMLSchema-instance" xsi:noNamespaceSchemaLocation="https://github.com/iqb-berlin/testcenter/blob/master/definitions/vo_Unit.xsd">
  <Metadata lastChange="2025-12-19T17:16:38.721Z">
    <Id>Video1</Id>
    <Label>Charlotte und der Himmel</Label>
    <Description/>
    <Reference>Video1.vomd</Reference>
  </Metadata>
  <DefinitionRef player="iqb-player-aspect@2.4" editor="iqb-editor-aspect@2.4" lastChange="2025-12-19T14:51:26.723Z">Video1.voud</DefinitionRef>
  <BaseVariables>
    <Variable id="_intro00a" alias="_intro00a" type="no-value" format="" nullable="false" multiple="false" page=""/>
    <Variable id="text_1" alias="text_1" type="no-value" format="" nullable="false" multiple="false" page=""/>
    <Variable id="_video00" alias="_video00" type="number" format="" nullable="false" multiple="false" page=""/>
    <Variable id="_number01" alias="_number01" type="no-value" format="" nullable="false" multiple="false" page=""/>
    <Variable id="_audio01" alias="_audio01" type="number" format="" nullable="false" multiple="false" page=""/>
    <Variable id="_image01" alias="_image01" type="no-value" format="" nullable="false" multiple="false" page=""/>
    <Variable id="_intro01" alias="_intro01" type="no-value" format="" nullable="false" multiple="false" page=""/>
    <Variable id="_audio01a" alias="_audio01a" type="number" format="" nullable="false" multiple="false" page=""/>
    <Variable id="01" alias="01" type="integer" format="" nullable="false" multiple="false" page="">
      <Values complete="true">
        <Value>
          <label/>
          <value>1</value>
        </Value>
        <Value>
          <label/>
          <value>2</value>
        </Value>
        <Value>
          <label/>
          <value>3</value>
        </Value>
        <Value>
          <label/>
          <value>4</value>
        </Value>
      </Values>
    </Variable>
    <Variable id="_audio01b" alias="_audio01b" type="number" format="" nullable="false" multiple="false" page=""/>
    <Variable id="_audio01c" alias="_audio01c" type="number" format="" nullable="false" multiple="false" page=""/>
    <Variable id="_audio01d" alias="_audio01d" type="number" format="" nullable="false" multiple="false" page=""/>
    <Variable id="_number02" alias="_number02" type="no-value" format="" nullable="false" multiple="false" page=""/>
    <Variable id="_audio02" alias="_audio02" type="number" format="" nullable="false" multiple="false" page=""/>
    <Variable id="_intro02" alias="_intro02" type="no-value" format="" nullable="false" multiple="false" page=""/>
    <Variable id="button_1" alias="button_1" type="no-value" format="" nullable="false" multiple="false" page=""/>
    <Variable id="02" alias="02" type="string" format="" nullable="false" multiple="true" page="">
      <Values complete="true">
        <Value>
          <label/>
          <value>02_1</value>
        </Value>
        <Value>
          <label/>
          <value>02_2</value>
        </Value>
        <Value>
          <label/>
          <value>02_3</value>
        </Value>
        <Value>
          <label/>
          <value>02_4</value>
        </Value>
        <Value>
          <label/>
          <value>02_5</value>
        </Value>
        <Value>
          <label/>
          <value>02_6</value>
        </Value>
      </Values>
    </Variable>
    <Variable id="_image02" alias="_image02" type="no-value" format="" nullable="false" multiple="false" page=""/>
    <Variable id="_text02a" alias="_text02a" type="no-value" format="" nullable="false" multiple="false" page=""/>
    <Variable id="_text02b" alias="_text02b" type="no-value" format="" nullable="false" multiple="false" page=""/>
    <Variable id="_number03" alias="_number03" type="no-value" format="" nullable="false" multiple="false" page=""/>
    <Variable id="_audio03" alias="_audio03" type="number" format="" nullable="false" multiple="false" page=""/>
    <Variable id="_intro03" alias="_intro03" type="no-value" format="" nullable="false" multiple="false" page=""/>
    <Variable id="_audio03a" alias="_audio03a" type="number" format="" nullable="false" multiple="false" page=""/>
    <Variable id="03" alias="03" type="integer" format="" nullable="false" multiple="false" page="">
      <Values complete="true">
        <Value>
          <label>einen Abfallbehälter</label>
          <value>1</value>
        </Value>
        <Value>
          <label>einen Blumentopf</label>
          <value>2</value>
        </Value>
        <Value>
          <label>einen Feuerlöscher</label>
          <value>3</value>
        </Value>
        <Value>
          <label>einen Wassereimer</label>
          <value>4</value>
        </Value>
      </Values>
    </Variable>
    <Variable id="_audio03b" alias="_audio03b" type="number" format="" nullable="false" multiple="false" page=""/>
    <Variable id="_audio03c" alias="_audio03c" type="number" format="" nullable="false" multiple="false" page=""/>
    <Variable id="_audio03d" alias="_audio03d" type="number" format="" nullable="false" multiple="false" page=""/>
    <Variable id="_number04" alias="_number04" type="no-value" format="" nullable="false" multiple="false" page=""/>
    <Variable id="_audio04" alias="_audio04" type="number" format="" nullable="false" multiple="false" page=""/>
    <Variable id="text_2" alias="text_2" type="no-value" format="" nullable="false" multiple="false" page=""/>
    <Variable id="_intro04" alias="_intro04" type="no-value" format="" nullable="false" multiple="false" page=""/>
    <Variable id="04" alias="04" type="integer" format="" nullable="false" multiple="false" page="">
      <Values complete="true">
        <Value>
          <label/>
          <value>1</value>
        </Value>
        <Value>
          <label/>
          <value>2</value>
        </Value>
        <Value>
          <label/>
          <value>3</value>
        </Value>
        <Value>
          <label/>
          <value>4</value>
        </Value>
      </Values>
    </Variable>
    <Variable id="_video04a" alias="_video04a" type="number" format="" nullable="false" multiple="false" page=""/>
    <Variable id="_video04b" alias="_video04b" type="number" format="" nullable="false" multiple="false" page=""/>
    <Variable id="_video04c" alias="_video04c" type="number" format="" nullable="false" multiple="false" page=""/>
    <Variable id="_video04d" alias="_video04d" type="number" format="" nullable="false" multiple="false" page=""/>
    <Variable id="_number05" alias="_number05" type="no-value" format="" nullable="false" multiple="false" page=""/>
    <Variable id="_audio05" alias="_audio05" type="number" format="" nullable="false" multiple="false" page=""/>
    <Variable id="_intro05" alias="_intro05" type="no-value" format="" nullable="false" multiple="false" page=""/>
    <Variable id="05" alias="05" type="string" format="" nullable="false" multiple="false" page=""/>
    <Variable id="_number06" alias="_number06" type="no-value" format="" nullable="false" multiple="false" page=""/>
    <Variable id="_audio06" alias="_audio06" type="number" format="" nullable="false" multiple="false" page=""/>
    <Variable id="_intro06" alias="_intro06" type="no-value" format="" nullable="false" multiple="false" page=""/>
    <Variable id="_audio06a" alias="_audio06a" type="number" format="" nullable="false" multiple="false" page=""/>
    <Variable id="06" alias="06" type="integer" format="" nullable="false" multiple="false" page="">
      <Values complete="true">
        <Value>
          <label>mit einem Roboter</label>
          <value>1</value>
        </Value>
        <Value>
          <label>mit einem Fernglas</label>
          <value>2</value>
        </Value>
        <Value>
          <label>mit einem Auto</label>
          <value>3</value>
        </Value>
        <Value>
          <label>mit einem Fußball</label>
          <value>4</value>
        </Value>
      </Values>
    </Variable>
    <Variable id="_audio06b" alias="_audio06b" type="number" format="" nullable="false" multiple="false" page=""/>
    <Variable id="_audio06c" alias="_audio06c" type="number" format="" nullable="false" multiple="false" page=""/>
    <Variable id="_audio06d" alias="_audio06d" type="number" format="" nullable="false" multiple="false" page=""/>
    <Variable id="_number07" alias="_number07" type="no-value" format="" nullable="false" multiple="false" page=""/>
    <Variable id="_audio07" alias="_audio07" type="number" format="" nullable="false" multiple="false" page=""/>
    <Variable id="_intro07" alias="_intro07" type="no-value" format="" nullable="false" multiple="false" page=""/>
    <Variable id="_audio07a" alias="_audio07a" type="number" format="" nullable="false" multiple="false" page=""/>
    <Variable id="07" alias="07" type="integer" format="" nullable="false" multiple="false" page="">
      <Values complete="true">
        <Value>
          <label>ein Feuerzeug</label>
          <value>1</value>
        </Value>
        <Value>
          <label>eine Wunderkerze</label>
          <value>2</value>
        </Value>
        <Value>
          <label>ein Streichholz</label>
          <value>3</value>
        </Value>
        <Value>
          <label>eine Feuerwerksrakete</label>
          <value>4</value>
        </Value>
      </Values>
    </Variable>
    <Variable id="_audio07b" alias="_audio07b" type="number" format="" nullable="false" multiple="false" page=""/>
    <Variable id="_audio07c" alias="_audio07c" type="number" format="" nullable="false" multiple="false" page=""/>
    <Variable id="_audio07d" alias="_audio07d" type="number" format="" nullable="false" multiple="false" page=""/>
    <Variable id="_number08" alias="_number08" type="no-value" format="" nullable="false" multiple="false" page=""/>
    <Variable id="_audio08" alias="_audio08" type="number" format="" nullable="false" multiple="false" page=""/>
    <Variable id="_intro08" alias="_intro08" type="no-value" format="" nullable="false" multiple="false" page=""/>
    <Variable id="08" alias="08" type="string" format="" nullable="false" multiple="false" page=""/>
    <Variable id="_number09" alias="_number09" type="no-value" format="" nullable="false" multiple="false" page=""/>
    <Variable id="_audio09" alias="_audio09" type="number" format="" nullable="false" multiple="false" page=""/>
    <Variable id="_intro09" alias="_intro09" type="no-value" format="" nullable="false" multiple="false" page=""/>
    <Variable id="_audio09a" alias="_audio09a" type="number" format="" nullable="false" multiple="false" page=""/>
    <Variable id="09" alias="09" type="integer" format="" nullable="false" multiple="false" page="">
      <Values complete="true">
        <Value>
          <label>weil das Geschenk kaputt ist</label>
          <value>1</value>
        </Value>
        <Value>
          <label>weil das Geschenk schmutzig ist</label>
          <value>2</value>
        </Value>
        <Value>
          <label>weil das Geschenk gebraucht ist</label>
          <value>3</value>
        </Value>
        <Value>
          <label>weil das Geschenk billig ist</label>
          <value>4</value>
        </Value>
      </Values>
    </Variable>
    <Variable id="_audio09b" alias="_audio09b" type="number" format="" nullable="false" multiple="false" page=""/>
    <Variable id="_audio09c" alias="_audio09c" type="number" format="" nullable="false" multiple="false" page=""/>
    <Variable id="_audio09d" alias="_audio09d" type="number" format="" nullable="false" multiple="false" page=""/>
    <Variable id="_number10" alias="_number10" type="no-value" format="" nullable="false" multiple="false" page=""/>
    <Variable id="_audio10" alias="_audio10" type="number" format="" nullable="false" multiple="false" page=""/>
    <Variable id="_intro10" alias="_intro10" type="no-value" format="" nullable="false" multiple="false" page=""/>
    <Variable id="10" alias="10" type="string" format="" nullable="false" multiple="false" page=""/>
    <Variable id="_number11" alias="_number11" type="no-value" format="" nullable="false" multiple="false" page=""/>
    <Variable id="_audio11" alias="_audio11" type="number" format="" nullable="false" multiple="false" page=""/>
    <Variable id="_intro11" alias="_intro11" type="no-value" format="" nullable="false" multiple="false" page=""/>
    <Variable id="_audio11a" alias="_audio11a" type="number" format="" nullable="false" multiple="false" page=""/>
    <Variable id="_cmc11" alias="_cmc11" type="no-value" format="" nullable="false" multiple="false" page=""/>
    <Variable id="11a" alias="11a" type="integer" format="" nullable="false" multiple="false" page="">
      <Values complete="true">
        <Value>
          <label>stimmt</label>
          <value>1</value>
        </Value>
        <Value>
          <label>stimmt nicht</label>
          <value>2</value>
        </Value>
      </Values>
    </Variable>
    <Variable id="11b" alias="11b" type="integer" format="" nullable="false" multiple="false" page="">
      <Values complete="true">
        <Value>
          <label>stimmt</label>
          <value>1</value>
        </Value>
        <Value>
          <label>stimmt nicht</label>
          <value>2</value>
        </Value>
      </Values>
    </Variable>
    <Variable id="11c" alias="11c" type="integer" format="" nullable="false" multiple="false" page="">
      <Values complete="true">
        <Value>
          <label>stimmt</label>
          <value>1</value>
        </Value>
        <Value>
          <label>stimmt nicht</label>
          <value>2</value>
        </Value>
      </Values>
    </Variable>
    <Variable id="11d" alias="11d" type="integer" format="" nullable="false" multiple="false" page="">
      <Values complete="true">
        <Value>
          <label>stimmt</label>
          <value>1</value>
        </Value>
        <Value>
          <label>stimmt nicht</label>
          <value>2</value>
        </Value>
      </Values>
    </Variable>
    <Variable id="11e" alias="11e" type="integer" format="" nullable="false" multiple="false" page="">
      <Values complete="true">
        <Value>
          <label>stimmt</label>
          <value>1</value>
        </Value>
        <Value>
          <label>stimmt nicht</label>
          <value>2</value>
        </Value>
      </Values>
    </Variable>
    <Variable id="_audio11b" alias="_audio11b" type="number" format="" nullable="false" multiple="false" page=""/>
    <Variable id="_audio11c" alias="_audio11c" type="number" format="" nullable="false" multiple="false" page=""/>
    <Variable id="_audio11d" alias="_audio11d" type="number" format="" nullable="false" multiple="false" page=""/>
    <Variable id="_audio11e" alias="_audio11e" type="number" format="" nullable="false" multiple="false" page=""/>
    <Variable id="_number12" alias="_number12" type="no-value" format="" nullable="false" multiple="false" page=""/>
    <Variable id="_audio12" alias="_audio12" type="number" format="" nullable="false" multiple="false" page=""/>
    <Variable id="_intro12" alias="_intro12" type="no-value" format="" nullable="false" multiple="false" page=""/>
    <Variable id="_image12" alias="_image12" type="no-value" format="" nullable="false" multiple="false" page=""/>
    <Variable id="12" alias="12" type="string" format="" nullable="false" multiple="false" page=""/>
    <Variable id="_source01" alias="_source01" type="no-value" format="" nullable="false" multiple="false" page=""/>
    <Variable id="_outro01" alias="_outro01" type="no-value" format="" nullable="false" multiple="false" page=""/>
    <Variable id="_button01" alias="_button01" type="no-value" format="" nullable="false" multiple="false" page=""/>
  </BaseVariables>
  <CodingSchemeRef schemer="iqb-schemer@2.1" lastChange="2025-01-13T12:39:12.407Z">Video1.vocs</CodingSchemeRef>
</Unit>